ENGINE_RPM,VEHICLE_SPEED,THROTTLE,ENGINE_LOAD,COOLANT_TEMPERATURE,LONG_TERM_FUEL_TRIM_BANK_1,SHORT_TERM_FUEL_TRIM_BANK_1,INTAKE_MANIFOLD_PRESSURE,ACCELERATOR_PEDAL_POSITION_D,ACCELERATOR_PEDAL_POSITION_E,COMMANDED_THROTTLE_ACTUATOR,INTAKE_AIR_TEMPERATURE,TIMING_ADVANCE,CONTROL_MODULE_VOLTAGE
0.0,0,17.647058,0.0,81,-4.669216975214734,0.15462312087024324,101,16.078432,31.764706,17.254902,45,5,12.382
0.0,0,17.647058,0.0,81,-4.74989904637443,-0.17326166620669514,101,16.078432,31.764706,17.254902,45,5,12.382
0.0,0,17.647058,0.0,81,-4.642472928251612,0.3823341650823717,101,16.078432,31.764706,17.254902,45,5,12.363
0.0,0,17.647058,0.0,81,-4.631066117016527,-0.18827626093107588,101,16.078432,31.764706,17.254902,45,5,12.363
245.25,0,17.254902,88.627449,81,-4.80456211131923,-0.1909845849306707,83,16.078432,31.764706,17.254902,45,5,12.363
245.25,0,17.254902,88.627449,81,-4.765630770411739,0.1623394832413594,83,16.078432,31.764706,17.254902,45,5,12.363
245.25,0,17.254902,88.627449,81,-4.679829575809963,0.22887794470108097,83,16.078432,31.764706,20.392157,45,5,12.031
1128.0,0,17.254902,30.588236,81,-0.018974555540614932,0.13442980918086106,32,16.078432,31.764706,20.392157,45,5,12.031
1128.0,0,19.215687,30.588236,81,-0.0010080694502573276,-0.5056791952154425,32,16.078432,31.764706,20.392157,46,2,12.031
1128.0,0,19.215687,30.588236,81,-0.051182635654414804,0.16141033197847532,32,16.078432,31.764706,20.392157,46,2,11.894
1128.0,0,19.215687,30.588236,81,0.05276387849176971,-0.3102924155023197,32,16.078432,31.764706,19.215687,46,2,11.894
1113.25,0,19.215687,31.764706,80,0.0466675161257369,0.07058283347647905,33,16.078432,31.764706,19.215687,46,2,11.894
1113.25,0,19.215687,31.764706,80,0.003961841853672963,-0.42712033061971805,33,16.078432,31.764706,19.215687,46,2,11.894
1113.25,0,19.215687,31.764706,80,0.06763447241808197,0.13389664426291908,33,16.078432,31.764706,18.82353,46,2,13.613
1113.25,0,19.215687,31.764706,80,0.028050560535122736,-0.24197967129221176,33,16.078432,31.764706,18.82353,46,2,13.613
922.5,0,18.82353,35.294117,80,-0.8328075477729943,-0.3847903950781565,35,16.078432,31.764706,18.82353,47,7,13.613
922.5,0,18.82353,35.294117,80,-0.7591249529550501,0.21414604094471984,35,16.078432,31.764706,18.82353,47,7,13.613
922.5,0,18.82353,35.294117,80,-0.83878295604974,0.07249335650302538,35,16.078432,31.764706,18.82353,47,7,13.808
922.5,0,18.82353,35.686275,79,-0.7285429819215636,-0.18419304041786913,35,16.078432,31.764706,18.82353,47,7,13.808
851.5,0,18.82353,35.686275,79,-0.7842455546591752,0.43535365470631926,35,16.078432,31.764706,18.82353,48,7,13.808
851.5,0,18.82353,35.686275,79,-0.7923417418127157,-0.13219572647092273,35,16.078432,31.764706,18.82353,48,7,13.769
851.5,0,18.82353,35.686275,79,-0.8221057726642365,0.009632302191280398,35,16.078432,31.764706,18.82353,48,7,13.769
835.75,0,18.82353,36.470589,79,-0.7078975196795582,0.08067403430358028,36,16.078432,31.764706,18.82353,48,4,13.769
835.75,0,18.82353,36.470589,79,-0.7905217689241282,-0.18589978023858408,36,16.078432,31.764706,18.82353,48,4,13.769
835.75,0,18.82353,36.470589,79,-0.8069496693297864,0.1413408880199788,36,16.078432,31.764706,18.82353,48,4,13.75
835.75,0,18.82353,36.470589,79,-0.8023780130292938,-0.16003570414941734,36,16.078432,31.764706,18.82353,48,4,13.75
831.25,0,18.82353,37.254902,80,-0.7493114488667991,-0.12349149666486275,37,16.078432,31.764706,18.82353,48,1,13.75
831.25,0,18.82353,37.254902,80,-0.7593233561381553,0.4087927919410023,37,16.078432,31.764706,18.82353,48,1,13.75
831.25,0,18.82353,37.254902,80,-0.7564860433042407,-0.31217581575372993,37,16.078432,31.764706,18.82353,48,1,13.75
831.25,0,18.82353,37.64706,80,-0.755400739819527,-2.286334099278847,37,16.078432,31.764706,18.82353,48,1,13.75
837.5,0,18.82353,37.64706,80,-0.6527511439477723,-1.0792189014964317,37,16.078432,31.764706,18.82353,48,0,13.75
837.5,0,18.82353,37.64706,80,-0.8056349009830769,-0.7977016142178991,37,16.078432,31.764706,18.82353,48,0,13.339
837.5,0,18.82353,37.64706,80,-0.8119845637442923,-1.6840807796347996,37,16.078432,31.764706,18.82353,48,0,13.339
633.5,0,19.215687,48.235294,80,-2.3925763636948725,-2.1435514121860555,49,16.078432,31.764706,18.82353,48,7,13.339
633.5,0,19.215687,48.235294,80,-2.30679123464547,-1.6556451928587832,49,16.078432,31.764706,18.82353,48,7,13.339
633.5,0,19.215687,48.235294,80,-2.2760116624367464,-1.6483668849522009,49,16.078432,31.764706,19.215687,48,7,13.808
633.5,0,19.215687,48.235294,80,-2.3505868474592924,-1.619477152306677,49,16.078432,31.764706,19.215687,48,7,13.808
624.0,0,19.215687,51.372547,81,-1.6129093886177517,1.2284835874234457,54,16.078432,31.764706,19.215687,48,7,13.808
624.0,0,19.215687,51.372547,81,-1.6119688729414743,1.7363683427429433,54,16.078432,31.764706,19.215687,48,7,13.808
624.0,0,19.215687,51.372547,81,-1.523464432730518,1.7198522125858258,54,16.078432,31.764706,19.215687,48,7,13.789
624.0,0,19.215687,46.666668,81,-2.2991547497277933,-0.44832168594579197,54,16.078432,31.764706,19.215687,48,7,13.789
906.25,5,20.784313,46.666668,81,-2.3111607439016884,0.20975901950846634,52,16.078432,31.764706,19.215687,48,4,13.789
906.25,5,20.784313,46.666668,81,-2.3836805824373215,0.6158054945837673,52,16.078432,31.764706,19.215687,48,4,13.75
906.25,5,20.784313,46.666668,81,-2.3298203206159966,0.051588099731117956,52,19.607843,35.294117,20.0,48,4,13.75
1194.5,9,19.215687,31.764706,81,0.007001148548443693,-6.351197548620552,30,19.607843,35.294117,20.0,48,19,13.75
1194.5,9,19.215687,31.764706,81,0.013121315803740777,-6.292600964322256,30,19.607843,35.294117,20.0,48,19,13.75
1194.5,9,19.215687,31.764706,81,0.05228572667689139,-6.065422969909432,30,16.078432,31.764706,19.215687,48,19,13.417
1194.5,9,19.215687,31.764706,81,0.013415732926480935,-6.769201481652165,30,16.078432,31.764706,19.215687,48,19,13.417
716.25,9,19.215687,51.764706,81,-2.3030151862156862,-0.7319327891068094,51,16.078432,31.764706,19.215687,48,7,13.417
716.25,9,19.215687,51.764706,81,-2.3396952558306667,-0.898389184838843,51,16.078432,31.764706,19.215687,48,7,13.417
716.25,9,19.215687,51.764706,81,-2.326402836078601,-0.22690249611318636,51,20.392157,36.470589,20.784313,48,7,13.691
716.25,9,19.215687,54.509804,82,-1.5246227064496876,-3.177251820141487,51,20.392157,36.470589,20.784313,48,7,13.691
955.25,13,20.0,54.509804,82,-1.64992934919134,-2.6246337166641442,53,20.392157,36.470589,20.784313,48,14,13.691
955.25,13,20.0,54.509804,82,-1.581680272981438,-3.4561222093346022,53,20.392157,36.470589,20.784313,48,14,13.75
955.25,13,20.0,54.509804,82,-1.5907223592575677,-2.9488222499591625,53,18.82353,34.901962,19.607843,48,14,13.75
1053.0,15,19.607843,37.64706,82,-0.8195826708946005,4.7833200791373685,39,18.82353,34.901962,19.607843,48,7,13.75
1053.0,15,19.607843,37.64706,82,-0.7977585350736011,4.426785825640565,39,18.82353,34.901962,19.607843,48,7,13.75
1053.0,15,19.607843,37.64706,82,-0.6915535213259363,4.740718834391082,39,19.215687,34.901962,19.607843,48,7,13.75
1053.0,15,19.607843,37.64706,82,-0.8331998669415945,5.05125565104948,39,19.215687,34.901962,19.607843,48,7,13.75
1036.5,15,19.215687,34.901962,83,-1.504403298724511,-0.09713751128598021,35,19.215687,34.901962,19.607843,48,4,13.75
1036.5,15,19.215687,34.901962,83,-1.6634721862969484,-0.507588794750929,35,19.215687,34.901962,19.607843,48,4,13.75
1036.5,15,19.215687,34.901962,83,-1.5825931017991466,-0.0052688479432337725,35,16.078432,31.764706,19.215687,48,4,13.75
1036.5,15,19.215687,35.686275,83,-1.5527348160936996,3.6355230715622464,35,16.078432,31.764706,19.215687,48,4,13.75
1004.5,15,19.215687,35.686275,83,-1.5273266601184434,3.8035477184008353,35,16.078432,31.764706,19.215687,48,3,13.75
1004.5,15,19.215687,35.686275,83,-1.5198264052124286,3.8817736690944638,35,16.078432,31.764706,19.215687,48,3,13.75
1004.5,15,19.215687,35.686275,83,-1.5148991658880044,3.3945543351953447,35,16.078432,31.764706,19.215687,48,3,13.75
985.0,14,19.215687,36.470589,83,-1.5834235043349063,1.0778024982037966,37,16.078432,31.764706,19.215687,48,2,13.75
985.0,14,19.215687,36.470589,83,-1.5902411075598741,1.7071200506576576,37,16.078432,31.764706,19.215687,48,2,13.75
985.0,14,19.215687,36.470589,83,-1.5110214471245709,1.405684391149096,37,16.078432,31.764706,19.215687,48,2,13.75
985.0,14,19.215687,36.470589,83,-1.5739782594928968,0.7930766974538299,37,16.078432,31.764706,19.215687,48,2,13.75
966.25,15,19.215687,37.64706,83,-1.6390411794002753,4.92295321098244,38,16.078432,31.764706,19.215687,48,-1,13.75
966.25,15,19.215687,37.64706,83,-1.6304972328402088,4.7692109265822715,38,16.078432,31.764706,19.215687,48,-1,13.75
966.25,15,19.215687,37.64706,83,-1.6176671371600966,4.473337552789054,38,16.078432,31.764706,19.215687,48,-1,13.73
966.25,15,19.215687,36.862743,84,-1.5326703553567742,0.3862009366825276,38,16.078432,31.764706,19.215687,48,-1,13.73
976.5,12,19.215687,36.862743,84,-1.553954455835766,1.0319923688943011,38,16.078432,31.764706,19.215687,48,-1,13.73
976.5,12,19.215687,36.862743,84,-1.521070878755934,0.8860551867681289,38,16.078432,31.764706,19.215687,48,-1,13.73
976.5,12,19.215687,36.862743,84,-1.588135158780192,1.496030684805222,38,16.078432,31.764706,19.215687,48,-1,13.73
979.5,12,19.215687,36.862743,85,-1.5529876185353972,2.4698065796174813,38,16.078432,31.764706,19.215687,48,-1,13.73
979.5,12,19.215687,36.862743,85,-1.5249645763619597,2.4600609423786044,38,16.078432,31.764706,19.215687,48,-1,13.73
979.5,12,19.215687,36.862743,85,-1.5810607923832143,2.2936716209674306,38,16.078432,31.764706,19.215687,48,-1,13.75
979.5,12,19.215687,36.862743,85,-1.5350934857465552,2.588782760160237,38,16.078432,31.764706,19.215687,48,-1,13.75
977.25,12,19.215687,36.862743,85,-1.602215556463999,-0.5937244396255539,38,16.078432,31.764706,19.215687,48,0,13.75
977.25,12,19.215687,36.862743,85,-1.5842832307939043,-0.40573249743044154,38,16.078432,31.764706,19.215687,48,0,13.75
977.25,12,19.215687,36.862743,85,-1.5854042736398997,-0.9376468755911854,38,16.078432,31.764706,19.215687,48,0,13.769
977.25,12,19.215687,38.431374,85,-1.6342503787353424,0.6506277581168113,38,16.078432,31.764706,19.215687,48,0,13.769
783.5,10,19.215687,38.431374,85,-1.533281651152865,0.637519048726406,42,16.078432,31.764706,19.215687,48,7,13.769
783.5,10,19.215687,38.431374,85,-1.5906641404121635,1.0184905163536968,42,16.078432,31.764706,19.215687,48,7,13.769
783.5,10,19.215687,38.431374,85,-1.5617503528763388,1.2307623320890195,42,16.078432,31.764706,19.215687,48,7,13.496
816.25,9,19.215687,45.490196,86,-1.5336552004656454,0.6435978520552098,45,16.078432,31.764706,19.215687,48,7,13.496
816.25,9,19.215687,45.490196,86,-1.5357081294382033,0.6538178816620727,45,16.078432,31.764706,19.215687,48,7,13.496
816.25,9,19.215687,45.490196,86,-1.5225768934616328,0.8754731671609397,45,20.0,31.764706,19.215687,48,7,13.808
816.25,9,19.215687,45.490196,86,-1.5684091290705655,0.7075215499961296,45,20.0,36.07843,18.039215,48,7,13.808
968.75,13,17.254902,27.450981,86,0.7558521012773508,1.848116095941967,28,20.0,36.07843,18.039215,48,16,13.808
968.75,13,17.254902,27.450981,86,0.7764669073456161,0.886966812814286,28,20.0,36.07843,18.039215,48,16,13.808
968.75,13,17.254902,27.450981,86,0.6800099339625182,1.3144884859249317,28,19.215687,35.294117,17.254902,48,16,13.808
968.75,13,17.254902,24.705883,86,0.6944232516546147,-6.484724900188434,28,19.215687,35.294117,17.254902,48,16,13.808
949.0,14,16.470589,24.705883,86,-1.641861976741264,-6.9461068037158435,24,19.215687,35.294117,17.254902,48,12,13.808
949.0,14,16.470589,24.705883,86,-1.622334809656089,-6.539091533310641,24,19.215687,35.294117,17.254902,48,12,13.808
949.0,14,16.470589,24.705883,86,-1.5385135463965938,-6.524546834753778,24,16.078432,31.764706,16.470589,48,12,13.808
775.0,13,16.470589,25.09804,86,-1.6168287433216038,-0.8415813963556491,25,16.078432,31.764706,16.470589,48,7,13.808
775.0,13,16.470589,25.09804,86,-1.5851897532423633,-0.4473602325019209,25,16.078432,31.764706,16.470589,48,7,13.808
775.0,13,16.470589,25.09804,86,-1.484546302132836,-0.8547681953572107,25,16.078432,31.764706,16.470589,48,7,13.75
775.0,13,16.470589,25.09804,86,-1.5838758382636855,-1.0904941160813462,25,16.078432,31.764706,16.470589,48,7,13.75
743.75,10,17.647058,30.196079,86,-1.5182490658919747,0.7641636376359413,31,16.078432,31.764706,16.470589,49,1,13.75
743.75,10,17.647058,30.196079,86,-1.6185170608005925,1.0960020864324047,31,16.078432,31.764706,16.470589,49,1,13.75
743.75,10,17.647058,30.196079,86,-1.5748262534720578,0.48846235516552855,31,20.0,36.07843,20.392157,49,1,13.398
743.75,10,17.647058,48.627453,87,-1.619501323294635,0.5080775348235654,31,20.0,36.07843,20.392157,49,1,13.398
967.75,12,19.607843,48.627453,87,-2.3640919845540336,-1.394935312217733,46,20.0,36.07843,20.392157,49,14,13.398
967.75,12,19.607843,48.627453,87,-2.293331511752556,-1.6289608347192401,46,20.0,36.07843,20.392157,49,14,13.398
967.75,12,19.607843,48.627453,87,-2.447389225391541,-1.3682545927871577,46,16.078432,31.764706,19.215687,49,14,13.75
978.0,15,19.607843,36.862743,87,-1.5364345813872486,-0.7853440375385891,37,16.078432,31.764706,19.215687,49,0,13.75
978.0,15,19.215687,36.862743,87,-1.5482358638600633,-0.5707509055731299,37,16.078432,31.764706,19.215687,48,0,13.75
978.0,15,19.215687,36.862743,87,-1.5981489973418077,-1.0917734342121923,37,16.078432,31.764706,19.215687,48,0,13.75
978.0,15,19.215687,36.862743,87,-1.6492634712633072,-0.7848753952364802,37,16.078432,31.764706,19.215687,48,0,13.75
962.5,13,19.215687,37.64706,87,-1.5581722295371678,3.061792995691053,37,16.078432,31.764706,19.215687,48,1,13.75
962.5,13,19.215687,37.64706,87,-1.5942695625438281,2.7602327227687606,37,16.078432,31.764706,19.215687,48,1,13.75
962.5,13,19.215687,37.64706,87,-1.5485394273187179,2.6559566156393934,37,16.078432,31.764706,19.215687,48,1,13.652
962.5,13,19.215687,36.862743,87,-1.5611888712685935,3.3307247105823987,37,16.078432,31.764706,19.215687,48,1,13.652
980.25,13,19.215687,36.862743,88,-1.466393266520745,-1.6677857146653934,37,16.078432,31.764706,19.215687,48,-1,13.652
980.25,13,19.215687,36.862743,88,-1.5768613376483815,-1.869184084494199,37,16.078432,31.764706,19.215687,48,-1,13.652
980.25,13,19.215687,36.862743,88,-1.6239098495573119,-1.5913536810769997,37,16.078432,31.764706,19.215687,48,-1,13.71
693.7219622917956,10,19.215687,40.376159,88,-1.351743461902621,-0.3828443427952092,45,16.078432,31.764706,19.215687,48,-1,13.71
693.7477752205151,10,19.215687,40.360159,88,-1.149300198961694,-1.3454713536115768,45,16.078432,31.764706,19.215687,48,7,13.71
693.515567348199,10,19.215687,40.344159,88,-0.8809487454855738,-1.0502416069709979,45,16.078432,31.764706,19.215687,48,7,13.671
693.7957540057857,10,19.215687,40.328159,88,-0.7123933252451252,-0.8181159325685803,45,16.078432,31.764706,19.215687,48,7,13.671
931.4918665682312,11,19.215687,38.743528000000005,88,-0.5410877364510294,0.7383536600160987,40,16.078432,31.764706,19.215687,48,-8,13.671
931.3378801470492,11,19.215687,38.72752800000001,88,-0.2747018265268264,0.44477609487578895,40,16.078432,31.764706,19.215687,48,-8,13.671
930.6938858525374,11,19.215687,38.711528,88,-0.2338257832593711,0.6501951721383681,40,16.078432,31.764706,19.215687,48,-8,13.437
931.2004762822681,11,19.215687,38.695528,88,-0.0008850919649847633,0.13795172426213081,40,16.078432,31.764706,19.215687,48,-8,13.437
940.0839130063408,9,19.215687,39.463841,88,0.18190544351566862,2.547889237418842,38,16.078432,31.764706,19.215687,48,-5,13.437
938.811005617017,9,19.215687,39.447841000000004,88,0.4141114118106539,3.078094115016813,38,16.078432,31.764706,19.215687,48,-5,13.437
939.1588786924002,9,19.215687,39.431841,88,0.5548988311466219,3.021232299280634,38,16.078432,31.764706,16.862745,48,-5,13.73
690.275926162449,9,19.215687,41.768785,88,0.09435905680886414,-1.459128354340762,60,16.078432,31.764706,16.862745,48,-5,13.73
689.9255620322282,9,20.784313,41.752785,88,0.24291663817407372,-1.6200512972785357,60,16.078432,31.764706,16.862745,48,-8,13.73
690.0383801074887,9,20.784313,41.736785000000005,88,0.36800162232984057,-1.420306882063612,60,16.078432,31.764706,16.862745,48,-8,13.652
691.1446211057175,9,20.784313,41.720785,88,0.5953152551275478,-1.3963142745284671,60,25.490196,41.176472,21.568628,48,-8,13.652
1116.624842222805,11,20.784313,60.528313,88,2.437560830847012,-1.1504197832745224,55,25.490196,41.176472,21.568628,48,15,13.652
1116.8092048088681,11,20.784313,60.512313,88,2.6690375940736626,-1.081647515416659,55,25.490196,41.176472,21.568628,48,15,13.652
1118.6896709744965,11,20.784313,60.496313,88,2.9385538535015074,-1.7497115983175309,55,23.137255,39.215687,20.392157,48,15,13.808
1116.046885669814,11,20.784313,60.480312999999995,88,3.1935817479604394,-1.8779305666022568,55,23.137255,39.215687,20.392157,48,15,13.808
1369.5,18,19.215687,35.75843,88,3.24361456599656,-0.8432263807045479,34,23.137255,39.215687,20.392157,48,21,13.808
1369.5,18,19.215687,35.74243,88,3.3593777127980884,-0.727432472021419,34,23.137255,39.215687,20.392157,48,21,13.808
1369.5,18,19.215687,35.72643,88,3.4908272231561215,-1.3299369058540012,34,16.078432,31.764706,17.254902,48,21,13.808
1278.75,18,19.215687,20.80847,89,3.053562687740631,0.8220493780363115,21,16.078432,31.764706,17.254902,48,21,13.808
1278.75,19,16.862745,20.792469999999998,89,3.1887235342813804,1.4697104463021602,21,16.078432,31.764706,17.254902,48,6,13.808
1278.75,19,16.862745,20.77647,89,3.412578564389219,1.7792514679051588,21,16.078432,31.764706,17.254902,48,6,13.808
1278.75,19,16.862745,20.760469999999998,89,3.600774192056412,2.099278356730294,21,20.784313,36.470589,18.039215,48,6,13.808
1124.761414735107,16,20.0,31.724864,88,4.610302546815016,8.024889271630435,38,20.784313,36.470589,18.039215,48,18,13.808
1127.0323024231914,16,20.0,31.708864,88,4.882708813847258,7.818484991024291,38,20.784313,36.470589,18.039215,48,18,13.808
1125.591739530236,16,20.0,31.692864,88,5.0281729140467215,7.722060813524541,38,16.078432,31.764706,19.215687,48,18,13.691
1125.3706778305232,16,20.0,31.676864,88,5.20923190977768,8.053435387501198,38,16.078432,31.764706,19.215687,48,18,13.691
1077.3715229514676,15,19.215687,34.013804,88,4.575360774830451,8.801470588834423,34,16.078432,31.764706,19.215687,48,6,13.691
1074.4329883708292,15,19.215687,33.997804,88,4.737019023317739,8.646729628281355,34,16.078432,31.764706,19.215687,48,6,13.691
1077.0818348864634,15,19.215687,33.981804000000004,88,5.0083215254556,9.625876695258986,34,16.078432,31.764706,19.215687,48,6,13.73
1079.752023173144,15,19.215687,35.142275000000005,87,5.234273046950901,5.70055052062164,36,16.078432,31.764706,19.215687,48,6,13.73
1025.8158109088454,14,19.215687,35.126275,87,5.543575794814793,5.565814605066628,36,16.078432,31.764706,19.215687,48,4,13.73
1024.3228182131897,14,19.215687,35.110275,87,5.645316471288373,5.008744880657262,36,16.078432,31.764706,19.215687,48,4,13.574
1024.0618552312078,14,19.215687,35.094275,87,5.896464370661384,5.601505797289184,36,16.078432,31.764706,19.215687,48,4,13.574
1041.2203540506443,14,19.215687,34.686117,87,6.00754226408765,2.4718879228493704,35,16.078432,31.764706,19.215687,48,0,13.574
1041.504772777807,14,19.215687,34.670117,87,6.166403374014979,2.472763687261216,35,16.078432,31.764706,19.215687,48,0,13.574
1041.2443869344834,14,19.215687,34.654117,87,6.379592994266058,2.774899580113133,35,16.078432,31.764706,19.215687,48,0,13.691
1043.8784384542028,14,19.215687,34.638117,87,6.593986436127855,2.6506113428583826,35,16.078432,31.764706,19.215687,48,0,13.691
1028.3602608832612,10,19.215687,35.014275000000005,86,6.96520818394611,3.5232542708913006,36,16.078432,31.764706,19.215687,48,0,13.691
1033.853300108386,10,19.215687,34.998275,86,6.988216799246537,3.5523218850116627,36,16.078432,31.764706,19.215687,48,0,13.691
1031.1646896446864,10,19.215687,34.982275,86,7.287809352224182,3.523487422400632,36,16.078432,31.764706,19.215687,48,0,13.691
1032.8481325178145,10,19.215687,35.35843,86,7.383324369314778,4.508666661085744,36,16.078432,31.764706,19.215687,48,0,13.691
1023.157927806538,5,19.215687,35.34243,86,7.693394380772455,5.128836323223167,35,16.078432,31.764706,19.215687,48,1,13.691
1028.8722830070963,5,19.215687,35.326429999999995,86,7.860597057966352,4.996892412345263,35,16.078432,31.764706,19.215687,48,1,13.691
1028.7395239044124,5,19.215687,35.31043,86,8.028101726140514,4.839797712707994,35,16.078432,31.764706,19.215687,48,1,13.691
1030.3509967880877,3,19.215687,35.29443,86,8.235054248431874,5.007044985790246,35,16.078432,31.764706,19.215687,48,-1,13.691
1024.2131130605162,3,19.215687,35.27843,86,8.398212738274237,5.081198602265711,35,16.078432,31.764706,19.215687,48,-1,13.691
1030.1142587312183,3,19.215687,35.262429999999995,86,8.664264332088925,5.030266180088683,35,16.078432,31.764706,19.215687,48,-1,13.691
1029.0526232278528,3,19.215687,35.24643,86,8.810200991179553,4.759064025056762,35,16.078432,31.764706,19.215687,48,-1,13.691
1027.7460311950988,0,16.470589,29.348079000000002,86,8.963963654173964,4.366437536285797,26,16.078432,31.764706,19.215687,48,-2,13.691
1031.9343970638188,0,16.470589,29.332079,86,9.160823745540823,4.024865954180548,26,16.078432,31.764706,19.215687,48,-2,13.691
1033.0024698448415,0,16.470589,29.316079000000002,86,9.447855275063327,4.142089183069333,26,16.078432,31.764706,16.470589,48,-2,13.73
1033.557010766705,0,16.470589,24.986352999999998,86,9.732245475384625,7.7194585888614045,26,16.078432,31.764706,16.470589,48,-2,13.73
811.2551948958043,0,16.470589,24.970353,86,9.847099496814405,8.226597391349651,26,16.078432,31.764706,16.470589,49,2,13.73
811.5945711088574,0,16.470589,24.954352999999998,86,10.03038170043341,8.185615778527325,26,16.078432,31.764706,16.470589,49,2,13.75
815.0971536071467,0,16.470589,24.938353,86,10.254649568376154,7.83670436494966,26,16.078432,31.764706,16.470589,49,2,13.75
779.428101729732,0,16.470589,25.314508999999997,86,10.515860104502412,2.8033908664550213,27,16.078432,31.764706,16.470589,49,7,13.75
767.0054823909626,0,16.470589,25.298509,86,10.650662950081832,2.8548311308429577,27,16.078432,31.764706,16.470589,49,7,13.75
774.7659404800032,0,16.470589,25.282508999999997,86,10.812844366149976,3.4780183499933917,27,16.078432,31.764706,16.470589,49,7,13.75
775.2313492632366,0,16.470589,25.266509,86,11.103877322603594,3.267013998554023,27,16.078432,31.764706,16.470589,49,7,13.75
726.3932845672737,0,16.078432,25.250508999999997,87,11.263225386307697,-0.8440663682725603,26,16.078432,31.764706,16.470589,49,9,13.75
732.306094939255,0,16.078432,25.234509,87,11.52964535951976,-0.7128638070596752,26,16.078432,31.764706,16.470589,49,9,13.75
736.1209006489547,0,16.078432,25.218508999999997,87,11.648494066233315,-0.7142362865687406,26,16.078432,31.764706,16.078432,49,9,13.593
728.3599976703715,0,16.078432,25.986823,87,11.76403185809677,0.8341258045613352,26,16.078432,31.764706,16.078432,49,9,13.593
690.1437631915455,0,16.078432,25.970823,87,11.95541044804526,0.630271840783514,28,16.078432,31.764706,16.078432,50,6,13.593
685.8404090033273,0,16.078432,25.954823,87,12.336555675933875,0.9696844367179209,28,16.078432,31.764706,16.078432,50,6,13.671
686.6483079171211,0,16.078432,25.938823,87,12.540919943246998,0.8511705230042461,28,16.078432,31.764706,16.078432,50,6,13.671
676.9947474013036,0,16.470589,27.099294,87,12.626728847203045,-2.365094661676944,28,16.078432,31.764706,16.078432,50,2,13.671
669.7967918475974,0,16.470589,27.083294,87,12.814508760731842,-1.7766334556357393,28,16.078432,31.764706,16.078432,50,2,13.671
673.4370755848888,0,16.470589,27.067294,87,13.125186657534531,-1.7526206020200297,28,16.078432,31.764706,16.078432,50,2,13.222
664.8264929705743,0,16.470589,27.051294,87,13.171077259077391,-2.346012253410423,28,16.078432,31.764706,19.215687,50,2,13.222
850.7336908552307,0,19.215687,45.466668,87,13.383816378862651,1.3381946087514618,45,16.078432,31.764706,19.215687,50,-9,13.222
846.0400792959647,0,19.215687,45.450668,87,13.676099607681342,1.7337104157699765,45,16.078432,31.764706,19.215687,50,-9,13.222
843.0473756057964,0,19.215687,45.434668,87,13.813823692628427,1.8127671216688963,45,16.078432,31.764706,19.215687,50,-9,13.574
845.9946313889996,0,19.215687,41.497098,87,14.037192687996797,5.769001052865573,45,16.078432,31.764706,19.215687,50,-9,13.574
859.9312132556562,0,19.215687,41.481097999999996,87,14.22769342608853,5.532923962070438,42,16.078432,31.764706,19.215687,50,-10,13.574
870.2301229670106,0,19.215687,41.465098,87,14.457754472927935,5.327736401609254,42,16.078432,31.764706,19.215687,50,-10,13.574
864.1878616592395,0,19.215687,41.449098,87,14.721948911678822,5.316140351792582,42,16.078432,31.764706,19.215687,50,-10,13.515
897.4133149883014,0,18.82353,38.295841,87,14.842935094414102,5.804631471425107,39,16.078432,31.764706,19.215687,49,-5,13.515
896.2096291978933,0,18.82353,38.279841,87,15.076136327596611,5.875034010309549,39,16.078432,31.764706,19.215687,49,-5,13.515
895.8112641084685,0,18.82353,38.263841,87,15.114489673938138,6.207449333481519,39,16.078432,31.764706,19.215687,49,-5,13.652
901.2023500994208,0,18.82353,38.247841,87,15.434576895884192,6.2112438951026245,39,16.078432,31.764706,18.82353,49,-5,13.652
915.8503994554482,0,18.82353,36.271060000000006,87,15.586906183782428,5.901581403040647,36,16.078432,31.764706,18.82353,49,-3,13.652
917.5851044151033,0,18.82353,36.25506,87,15.764371216374581,5.627988236341739,36,16.078432,31.764706,18.82353,49,-3,13.652
914.7113033662635,0,18.82353,36.23906,87,15.984810857984275,5.965518020896731,36,16.078432,31.764706,18.82353,49,-3,13.574
917.0337391592934,0,18.82353,35.438743,88,16.21745259355795,6.186419358443157,36,16.078432,31.764706,18.82353,49,-3,13.574
889.3651806523374,0,18.431372,35.422743000000004,88,16.49245415254136,6.120625026383178,36,16.078432,31.764706,18.82353,49,1,13.574
901.283793286343,0,18.431372,35.422743000000004,88,16.357916436935625,6.007881767576703,36,16.078432,31.764706,18.82353,49,1,13.574
884.1943131260628,0,18.431372,35.422743000000004,88,16.439337889555667,6.257115444490969,36,16.078432,31.764706,18.431372,49,1,13.496
867.1742179560334,0,18.431372,35.030589,88,16.408449833999985,6.030062677576816,36,16.078432,31.764706,18.431372,49,3,13.496
867.6555835282444,0,18.431372,35.030589,88,16.417839614338284,5.992830174882387,36,16.078432,31.764706,18.431372,49,3,13.496
857.6652853731548,0,18.431372,35.030589,88,16.497665469518275,6.274685850291031,36,16.078432,31.764706,18.431372,49,3,13.652
871.5317312475019,0,18.431372,35.030589,88,16.469786926220234,6.060652225961238,36,16.078432,31.764706,18.431372,49,3,13.652
861.4797062732539,0,18.431372,35.422743000000004,88,16.517743886446564,4.691981316693505,36,16.078432,31.764706,18.431372,49,2,13.652
861.3701255307031,0,18.431372,35.422743000000004,88,16.428229659245005,4.700711206855637,36,16.078432,31.764706,18.431372,49,2,13.652
857.1260998416165,0,18.431372,35.422743000000004,88,16.395743443299757,4.276921299672527,36,16.078432,31.764706,18.431372,49,2,13.613
856.0224822880159,0,18.431372,35.422743000000004,88,16.42406847098717,5.255627662840376,36,16.078432,31.764706,18.431372,49,2,13.613
849.0576602783218,0,18.431372,35.422743000000004,88,16.452049807476275,5.831333081974938,36,16.078432,31.764706,18.431372,50,0,13.613
851.7573876834379,0,18.431372,35.422743000000004,88,16.448094401507223,5.051376146179713,36,16.078432,31.764706,18.431372,50,0,13.613
856.3053382376526,0,18.431372,35.422743000000004,88,16.372436715665998,4.76500366530884,36,16.078432,31.764706,18.431372,50,0,13.496
835.0659139803764,0,18.431372,28.756079,88,16.44292938689767,6.403946454027246,28,16.078432,31.764706,18.431372,50,-6,13.496
830.1485036958821,0,16.470589,28.756079,88,16.451193699808336,6.9712329839730005,28,16.078432,31.764706,18.431372,50,-6,13.496
837.9599217807324,0,16.470589,28.756079,88,16.588548442252034,6.971775183409809,28,16.078432,31.764706,18.431372,50,-6,13.71
838.3951783587765,0,16.470589,28.756079,88,16.5501106766769,6.927216743372464,28,16.078432,31.764706,16.470589,50,-6,13.71
761.445967878015,0,16.470589,25.618823,88,16.38630539896647,2.63925694867855,27,16.078432,31.764706,16.470589,50,3,13.71
761.8547450793624,0,16.470589,25.618823,88,16.42025699830705,1.4731496700691182,27,16.078432,31.764706,16.470589,50,3,13.71
757.2808234142899,0,16.470589,25.618823,88,16.34969347988978,2.3937801623292465,27,16.078432,31.764706,16.078432,50,3,13.75
754.3195487479123,0,16.470589,25.618823,88,16.40205757916219,5.868431460541071,27,16.078432,31.764706,16.078432,50,3,13.75
602.3431295621165,0,16.470589,25.618823,88,16.45643630021542,5.0616657705324855,28,16.078432,31.764706,16.078432,50,7,13.75
598.8904153819396,0,16.470589,25.618823,88,16.509851217253296,5.286058046463031,28,16.078432,31.764706,16.078432,50,7,13.75
607.3162687519567,0,16.470589,25.618823,88,16.393754969735383,5.174132424831413,28,16.078432,31.764706,16.470589,50,7,13.378
673.6244804754804,0,16.470589,47.579608,88,15.617001213595934,2.787946186176741,45,16.078432,31.764706,16.470589,50,5,13.378
672.0200553296163,0,16.470589,47.579608,88,15.527412658215681,2.9583713984930875,45,16.078432,31.764706,16.470589,50,5,13.378
660.6997152904472,0,16.470589,47.579608,88,15.646490044767305,3.4844955851053507,45,16.078432,31.764706,16.470589,50,5,13.32
668.3870713863762,0,16.470589,47.579608,88,15.592505135288427,3.6074660026462553,45,16.078432,31.764706,16.470589,50,5,13.32
521.2937829313142,0,18.82353,35.030589,88,16.405733634358036,1.392968232487955,38,16.078432,31.764706,16.470589,50,7,13.32
513.2591829997159,0,18.82353,35.030589,88,16.384888353309943,2.0652680642193406,38,16.078432,31.764706,16.470589,50,7,13.32
517.8726625494558,0,18.82353,35.030589,88,16.431844246744845,1.5044229430953868,38,16.470589,33.333332,20.392157,50,7,13.691
509.99191556511136,0,18.82353,76.599215,89,16.332036296518602,2.019857308010324,38,16.470589,33.333332,20.392157,50,7,13.691
1214.0,6,23.529411,76.599215,89,13.224477285276542,-0.8779895948960481,73,16.470589,33.333332,20.392157,50,1,13.691
1214.0,6,23.529411,76.599215,89,13.440254826721699,-0.8106826521861572,73,16.470589,33.333332,20.392157,50,1,13.691
1214.0,6,23.529411,76.599215,89,13.235254645123558,-0.7403576582071502,73,16.078432,31.764706,18.82353,50,1,13.613
1014.9660090634676,13,23.529411,45.226668000000004,89,17.152942865292722,5.57240610381026,83,16.078432,31.764706,18.82353,50,-14,13.613
1011.3239804526523,13,27.058823,45.226668000000004,89,17.32896481169928,4.874135672453436,83,16.078432,31.764706,18.82353,50,-14,13.613
1003.1204547042082,13,27.058823,45.226668000000004,89,17.393054030154424,4.40657064101456,83,16.078432,31.764706,18.82353,50,-14,13.554
1001.8305091680834,13,27.058823,45.226668000000004,89,17.14845600227048,4.909449361082757,83,28.627451,44.705883,27.058823,50,-14,13.554
1484.25,16,25.882353,81.697253,88,13.290405062592718,3.728950238874697,80,28.627451,44.705883,27.058823,49,6,13.554
1484.25,16,25.882353,81.697253,88,13.332993333056432,3.6905749451296366,80,28.627451,44.705883,27.058823,49,6,13.554
1484.25,16,25.882353,81.697253,88,13.416221858664336,4.110080407967633,80,25.882353,41.960785,24.313726,49,6,13.691
1484.25,16,25.882353,22.089411,88,13.253288575294306,3.846825676331345,80,25.882353,41.960785,24.313726,49,6,13.691
1526.5,25,18.82353,22.089411,88,16.422783329243472,4.702322774353541,24,25.882353,41.960785,24.313726,48,10,13.691
1526.5,25,18.82353,22.089411,88,16.484140254563705,4.622945566559587,24,25.882353,41.960785,24.313726,48,10,13.691
1526.5,25,18.82353,22.089411,88,16.463585964467995,4.7197249379816295,24,27.843138,43.92157,27.450981,48,10,13.691
1519.5,29,18.82353,77.383532,88,12.508680635726193,0.05873976923084423,75,27.843138,43.92157,27.450981,48,10,13.691
1519.5,29,25.490196,77.383532,88,12.523220622129038,-0.6498400798116251,75,27.843138,43.92157,27.450981,48,8,13.691
1519.5,29,25.490196,77.383532,88,12.448756251497802,0.13122180058285954,75,27.843138,43.92157,27.450981,48,8,13.691
1519.5,29,25.490196,77.383532,88,12.516959575361518,-0.3633558259490907,75,23.921568,40.0,23.137255,48,8,13.691
1739.75,34,23.137255,51.893332,88,16.421516750599462,1.061060259332176,52,23.921568,40.0,23.137255,48,20,13.691
1739.75,34,23.137255,51.893332,88,16.451430193377576,1.4762266268423947,52,23.921568,40.0,23.137255,48,20,13.691
1739.75,34,23.137255,51.893332,88,16.404180366870857,1.5189443009943357,52,23.529411,39.215687,22.745098,48,20,13.691
1739.75,34,23.137255,39.736472,88,16.465792311352708,1.2856981506283152,52,23.529411,39.215687,22.745098,48,20,13.691
1847.5,37,21.960785,39.736472,87,16.49826294906919,7.993059557300392,40,23.529411,39.215687,22.745098,48,25,13.691
1847.5,37,21.960785,39.736472,87,16.446825759660108,7.341097450088728,40,23.529411,39.215687,22.745098,48,25,13.691
1847.5,37,21.960785,39.736472,87,16.45860538450395,7.6216668753682315,40,16.078432,31.764706,18.039215,48,25,13.769
1847.5,37,21.960785,22.089411,86,18.784439320854673,7.568287759520099,25,16.078432,31.764706,18.039215,48,25,13.769
1847.5,39,19.607843,22.089411,86,18.781255063585483,7.729773818898198,25,16.078432,31.764706,18.039215,48,26,13.769
1847.5,39,19.607843,22.089411,86,18.737956517987428,7.827409285394171,25,16.078432,31.764706,18.039215,48,26,13.769
1847.5,39,19.607843,22.089411,86,18.8002396557004,7.441382115112936,25,20.392157,36.470589,19.607843,48,26,13.769
1814.75,38,20.0,25.226665999999998,86,18.77541280409519,10.304784803236867,27,20.392157,36.470589,19.607843,48,27,13.769
1814.75,38,20.0,25.226665999999998,86,18.906840098535834,10.106400710500408,27,20.392157,36.470589,19.607843,48,27,13.769
1814.75,38,20.0,25.226665999999998,86,18.875651294148515,9.519916124006425,27,20.392157,36.07843,19.607843,48,27,13.769
1814.75,38,20.0,25.226665999999998,86,18.80440079315339,9.499922567880889,27,20.392157,36.07843,19.607843,48,27,13.769
1803.75,37,19.607843,23.65804,86,18.735466567418314,11.646304212121205,25,20.392157,36.07843,19.607843,49,25,13.769
1803.75,37,19.607843,23.65804,86,18.714505311680995,11.583709804664093,25,20.392157,36.07843,19.607843,49,25,13.769
1803.75,37,19.607843,23.65804,86,18.852718577185332,11.618973965927609,25,20.0,36.07843,19.215687,49,25,13.769
1764.75,37,19.607843,22.481568,85,18.79701495350883,7.735355263040934,24,20.0,36.07843,19.215687,49,25,13.769
1764.75,38,19.215687,22.481568,85,18.810058604203498,7.811417951853054,24,20.0,36.07843,19.215687,49,24,13.769
1764.75,38,19.215687,22.481568,85,18.676574840781548,8.02804488295449,24,20.0,36.07843,19.215687,49,24,13.769
1764.75,38,19.215687,22.481568,85,18.83689630889349,7.410418529724732,24,20.0,36.07843,19.215687,49,24,13.769
1739.0,37,18.82353,21.697255,85,18.80851522029286,6.610908522129761,23,20.0,36.07843,19.215687,49,24,13.769
1739.0,37,18.82353,21.697255,85,18.71462415893513,6.634502842633784,23,20.0,36.07843,19.215687,49,24,13.769
1739.0,37,18.82353,21.697255,85,18.752958511553004,7.049175000150612,23,20.784313,36.862743,20.784313,49,24,13.71
1739.0,37,18.82353,21.697255,85,18.79707303226139,7.3359842135939335,23,20.784313,36.862743,20.784313,49,24,13.71
1708.5,38,21.17647,34.63843,86,17.221898007901373,9.958098168528146,36,20.784313,36.862743,20.784313,49,25,13.71
1708.5,38,21.17647,34.63843,86,17.201219728851786,9.336990046752103,36,20.784313,36.862743,20.784313,49,25,13.71
1708.5,38,21.17647,34.63843,86,17.21254070391604,9.576302141216885,36,21.960785,38.039215,21.568628,49,25,13.71
1708.5,38,21.17647,37.383528000000005,86,17.203631357307586,7.493838983161196,37,21.960785,38.039215,21.568628,49,25,13.71
1757.75,36,21.568628,37.383528000000005,86,17.22790375072615,7.576431333751435,37,21.960785,38.039215,21.568628,49,25,13.71
1757.75,36,21.568628,37.383528000000005,86,17.30703951837959,7.621233411823582,37,21.960785,38.039215,21.568628,49,25,13.73
1757.75,36,21.568628,37.383528000000005,86,17.06475049354412,7.755324336894275,37,21.960785,37.64706,21.17647,49,25,13.73
1794.5,38,21.17647,34.63843,86,17.204538984129417,2.9627261007532653,36,21.960785,37.64706,21.17647,49,26,13.73
1794.5,38,21.17647,34.63843,86,17.229340745282347,3.3710518831630214,36,21.960785,37.64706,21.17647,49,26,13.73
1794.5,38,21.17647,34.63843,86,17.236509639381225,2.8534448082955888,36,21.568628,37.254902,21.17647,49,26,13.73
1794.5,38,21.17647,34.63843,86,17.196435125120722,2.7975546121573367,36,21.568628,37.254902,21.17647,49,26,13.73
1782.0,38,20.784313,33.069804000000005,86,17.894596693051284,9.449912661556137,33,21.568628,37.254902,21.17647,49,27,13.73
1782.0,38,20.784313,33.069804000000005,86,18.019679729022847,8.845557379022162,33,21.568628,37.254902,21.17647,49,27,13.73
1782.0,38,20.784313,33.069804000000005,86,18.103641012849852,9.423157511596,33,21.17647,36.862743,20.784313,49,27,13.71
1782.0,38,20.784313,30.324706,86,17.90796831570503,6.99326595511788,33,21.17647,36.862743,20.784313,49,27,13.71
1771.0,37,20.392157,30.324706,86,18.051829680821893,6.918267253024549,31,21.17647,36.862743,20.784313,49,27,13.71
1771.0,37,20.392157,30.324706,86,17.980288486612626,7.438982832144778,31,21.17647,36.862743,20.784313,49,27,13.73
1771.0,37,20.392157,30.324706,86,17.99632053925027,6.775837766411584,31,20.392157,36.470589,20.0,49,27,13.73
1733.5,38,19.607843,21.697255,86,16.374326089357762,9.143089451157222,25,20.392157,36.470589,20.0,48,8,13.73
1733.5,38,19.607843,21.697255,86,16.41743262965865,8.45737056523157,25,20.392157,36.470589,20.0,48,8,13.73
1733.5,38,19.607843,21.697255,86,16.515502675681937,8.14189506650893,25,19.607843,35.686275,18.82353,48,8,13.769
1733.5,38,19.607843,21.697255,86,16.472459314519263,8.545975874298446,25,19.607843,35.686275,18.82353,48,8,13.769
1675.75,35,18.431372,20.912941999999997,87,18.885188696324597,10.545876439904369,23,19.607843,35.686275,18.82353,49,23,13.769
1675.75,35,18.431372,20.912941999999997,87,18.851894713338663,10.643223245655948,23,19.607843,35.686275,18.82353,49,23,13.769
1675.75,35,18.431372,20.912941999999997,87,18.807595200735776,10.987859990004646,23,19.607843,35.686275,18.431372,49,23,13.789
1675.75,35,18.431372,18.952157,86,16.542136071570066,10.254174626595036,23,19.607843,35.686275,18.431372,49,23,13.789
1593.75,34,17.647058,18.952157,86,16.463839589524298,9.90084968992372,20,19.607843,35.686275,18.431372,49,8,13.789
1593.75,34,17.647058,18.952157,86,16.487179290607823,10.383721543513918,20,19.607843,35.686275,18.431372,49,8,13.71
1593.75,34,17.647058,18.952157,86,16.41970574278792,10.434752327406338,20,16.078432,31.764706,17.254902,49,8,13.71
1465.5,32,18.431372,22.481568,86,16.441492748951553,5.830890526968987,24,16.078432,31.764706,17.254902,50,7,13.71
1465.5,32,18.431372,22.481568,86,16.395654570601984,5.558824022137716,24,16.078432,31.764706,17.254902,50,7,13.71
1465.5,32,18.431372,22.481568,86,16.496875036075693,5.809028613625709,24,16.078432,31.764706,16.470589,50,7,13.613
1465.5,32,18.431372,22.481568,86,16.36680178261311,4.835760471607783,24,16.078432,31.764706,16.470589,50,7,13.613
712.043937374202,30,16.470589,24.050196,86,16.48444102054506,13.11712803541146,26,16.078432,31.764706,16.470589,50,0,13.613
705.3764579116624,30,16.470589,24.050196,86,16.42606093654969,12.95239842310297,26,16.078432,31.764706,16.470589,50,0,13.613
716.6964350822269,30,16.470589,24.050196,86,16.50777482560804,13.248267758338216,26,16.078432,31.764706,16.470589,50,0,13.75
716.9022714273103,30,16.470589,25.618823,86,16.482552139323875,14.603565234240977,26,16.078432,31.764706,16.470589,50,0,13.75
781.5899178059815,26,16.470589,25.618823,86,16.54673876945881,14.72515264741508,28,16.078432,31.764706,16.470589,50,0,13.75
788.3549556756338,26,16.470589,25.618823,86,16.481346481468318,15.339652464061214,28,16.078432,31.764706,16.470589,50,0,13.671
788.8933392643252,26,16.470589,25.618823,86,16.343177584660804,14.724084061073885,28,16.078432,31.764706,16.470589,50,0,13.671
774.2332520948975,20,18.82353,25.618823,86,16.433482809626106,10.992887695157062,31,16.078432,31.764706,16.470589,50,-2,13.671
765.3938784963541,20,18.82353,25.618823,86,16.36717956844431,10.799069201022728,31,16.078432,31.764706,16.470589,50,-2,13.671
777.7777671122152,20,18.82353,25.618823,86,16.406403209458023,10.891463986387048,31,16.078432,31.764706,16.470589,50,-2,13.476
777.4991210282886,20,18.82353,25.618823,86,16.528173705996604,10.87055500413082,31,16.078432,31.764706,18.82353,50,-2,13.476
844.1422620657063,12,18.82353,39.344313,87,16.47575202865386,7.878247219791947,42,16.078432,31.764706,18.82353,50,-6,13.476
847.1666588718865,12,18.82353,39.344313,87,16.395564174285276,8.093342260664153,42,16.078432,31.764706,18.82353,50,-6,13.476
837.5082735659253,12,18.82353,39.344313,87,16.376676958013576,8.237968199280997,42,16.078432,31.764706,18.82353,50,-6,13.671
851.7893992378331,12,18.82353,37.775687000000005,87,16.439466925572574,3.9303860245727495,42,16.078432,31.764706,18.82353,50,-6,13.671
869.6825751108616,5,18.82353,37.775687000000005,87,16.364506391037132,4.01436406581068,40,16.078432,31.764706,18.82353,50,-4,13.671
877.3715031724039,5,18.82353,37.775687000000005,87,16.397231583356206,3.4922406472443295,40,16.078432,31.764706,18.82353,50,-4,13.671
866.4069353751399,5,18.82353,37.775687000000005,87,16.456220568293073,3.8111369772753134,40,16.078432,31.764706,18.82353,50,-4,13.691
902.8138089072847,3,18.82353,36.599215,87,16.5068187221664,5.682086839465076,37,16.078432,31.764706,18.82353,50,-4,13.691
913.823658910264,3,18.82353,36.599215,87,16.474025688333466,5.659790591525145,37,16.078432,31.764706,18.82353,50,-4,13.691
905.8259507964962,3,18.82353,36.599215,87,16.300022629484115,5.463482919838515,37,16.078432,31.764706,18.82353,50,-4,13.574
910.7796517230976,3,18.82353,36.599215,87,16.455762003741814,5.6659181878703855,37,16.078432,31.764706,18.82353,50,-4,13.574
900.0662992492366,0,18.82353,36.207060000000006,87,16.441822014393956,6.3284800126981455,39,16.078432,31.764706,18.82353,50,1,13.574
898.5276882979992,0,18.82353,36.207060000000006,87,16.462333417122363,6.541341877477796,39,16.078432,31.764706,18.82353,50,1,13.574
905.137326462197,0,18.82353,36.207060000000006,87,16.534472580899074,6.268057747087132,39,16.078432,31.764706,18.82353,50,1,13.671
897.9350352890665,0,18.82353,37.775687000000005,87,16.313705703391715,6.855790505328689,39,16.078432,31.764706,18.82353,50,1,13.671
819.2366785159644,0,19.215687,37.775687000000005,87,16.402033794488535,7.063252377079906,41,16.078432,31.764706,18.82353,50,7,13.671
823.6354195862174,0,19.215687,37.775687000000005,87,16.4729543793676,6.083321687244167,41,16.078432,31.764706,18.82353,50,7,13.671
829.7303627791576,0,19.215687,37.775687000000005,87,16.342604336032764,7.077365720915514,41,16.078432,31.764706,18.82353,50,7,13.691
686.7797909786312,0,19.215687,47.187453000000005,88,16.526056942883212,3.5242261524355643,49,16.078432,31.764706,18.82353,50,7,13.691
677.9482378739406,0,18.82353,47.187453000000005,88,16.45960139676204,4.1017109777783745,49,16.078432,31.764706,18.82353,50,7,13.691
681.7404586626631,0,18.82353,47.187453000000005,88,16.488295039150604,4.754280580282295,49,16.078432,31.764706,18.82353,50,7,13.515
682.3822539285899,0,18.82353,47.187453000000005,88,16.40324338030869,4.762008801180038,49,16.078432,31.764706,16.470589,50,7,13.515
897.355386826486,6,19.607843,40.520785000000004,88,16.486325821397973,0.36377136595802034,46,16.078432,31.764706,16.470589,50,-8,13.515
892.808388851293,6,19.607843,40.520785000000004,88,16.501608293359343,0.4988693874363178,46,16.078432,31.764706,16.470589,50,-8,13.515
896.1723300134623,6,19.607843,40.520785000000004,88,16.45147268120823,1.123662296584239,46,24.313726,40.392159,21.17647,50,-8,13.691
895.7212528163321,6,19.607843,25.618823,88,16.45156405356192,7.598540960528196,46,24.313726,40.392159,21.17647,50,-8,13.691
1634.25,10,17.647058,25.618823,88,16.453720594356902,8.416626093720895,23,24.313726,40.392159,21.17647,50,22,13.691
1634.25,10,17.647058,25.618823,88,16.38569928411564,7.7431740440470955,23,24.313726,40.392159,21.17647,50,22,13.691
1634.25,10,17.647058,25.618823,88,16.42864827918558,7.86616085306438,23,27.058823,43.137257,23.137255,50,22,13.71
1151.2358209185818,13,17.647058,69.540392,88,13.303348648052857,3.541312319549582,66,27.058823,43.137257,23.137255,50,4,13.71
1153.629659404176,13,21.17647,69.540392,88,13.335503631861211,3.0955581348580252,66,27.058823,43.137257,23.137255,50,4,13.71
1149.32541201645,13,21.17647,69.540392,88,13.372489454814616,2.755546805792759,66,16.078432,43.137257,23.137255,50,4,13.691
1147.8392556302465,13,21.17647,69.540392,88,13.248987835081294,3.0233317644917124,66,16.078432,31.764706,16.862745,50,4,13.691
1222.5,17,20.392157,38.952159,88,16.429999458180827,5.389316779142972,42,16.078432,31.764706,16.862745,49,18,13.691
1222.5,17,20.392157,38.952159,88,16.52638733285954,4.99057750433953,42,16.078432,31.764706,16.862745,49,18,13.691
1222.5,17,20.392157,38.952159,88,16.392884706271246,5.323250378597752,42,23.137255,38.823528,20.392157,49,18,13.691
1222.5,17,20.392157,29.932548999999998,88,16.38816499896258,6.739842371800768,42,23.137255,38.823528,20.392157,49,18,13.691
1425.75,19,17.254902,29.932548999999998,88,18.01213837150987,7.23980732715623,25,23.137255,38.823528,20.392157,49,21,13.691
1425.75,19,17.254902,29.932548999999998,88,18.05066311142912,6.972883562255576,25,23.137255,38.823528,20.392157,49,21,13.691
1425.75,19,17.254902,29.932548999999998,88,18.00068556333364,6.877661275255728,25,16.078432,31.764706,16.470589,49,21,13.769
988.7602889213015,20,17.254902,35.030589,87,16.51723763542622,5.368145420813226,39,16.078432,31.764706,16.470589,50,0,13.769
991.2867890849157,20,19.215687,35.030589,87,16.488907638953993,5.466936605521849,39,16.078432,31.764706,16.470589,50,0,13.769
989.6917755435338,20,19.215687,35.030589,87,16.488009204013405,5.585044259906933,39,16.078432,31.764706,16.470589,50,0,13.554
983.2088032403077,20,19.215687,35.030589,87,16.470746990079444,5.100086331399185,39,16.078432,31.764706,18.82353,50,0,13.554
894.3192481551428,19,18.82353,38.167841,87,16.577159186020765,4.306273710213618,40,16.078432,31.764706,18.82353,50,3,13.554
900.1324060901323,19,18.82353,38.167841,87,16.42519029866804,4.950153764620758,40,16.078432,31.764706,18.82353,50,3,13.554
904.6295141388548,19,18.82353,38.167841,87,16.31728866247601,4.49504893833858,40,25.09804,40.784313,24.313726,50,3,13.496
890.0361568303065,19,18.82353,78.167841,87,16.533755261691027,4.193697372220937,40,25.09804,40.784313,24.313726,50,3,13.496
1069.305769609107,20,24.313726,78.167841,87,12.503788034142591,3.970643812814931,80,25.09804,40.784313,24.313726,50,-4,13.496
1073.1032990237943,20,24.313726,78.167841,87,12.53772282666058,3.9765109418098055,80,25.09804,40.784313,24.313726,50,-4,13.496
1067.061383557072,20,24.313726,78.167841,87,12.60982304109163,3.3782854228229877,80,23.921568,39.607841,23.137255,50,-4,13.652
1323.25,26,24.313726,59.736472,87,16.341364427536465,4.687594514639081,61,23.921568,39.607841,23.137255,50,14,13.652
1323.25,26,22.745098,59.736472,87,16.36240116715363,4.839424927728512,61,23.921568,39.607841,23.137255,49,14,13.652
1323.25,26,22.745098,59.736472,87,16.34142332377287,4.731065935511879,61,23.921568,39.607841,23.137255,49,14,13.691
1323.25,26,22.745098,59.736472,87,16.389851822598473,4.808344445128418,61,22.745098,38.823528,22.352942,49,14,13.691
1480.25,30,21.568628,47.971766,87,15.68262819636102,0.29121927057277475,47,22.745098,38.823528,22.352942,48,19,13.691
1480.25,30,21.568628,47.971766,87,15.687701270568766,0.8118120464988582,47,22.745098,38.823528,22.352942,48,19,13.691
1480.25,30,21.568628,47.971766,87,15.672826450759715,0.6217140721588655,47,16.078432,31.764706,18.82353,48,19,13.691
1480.25,30,21.568628,24.834508999999997,87,15.571484046966457,0.567662952382606,47,16.078432,31.764706,18.82353,48,19,13.691
1474.0,31,20.392157,24.834508999999997,87,16.29889379380204,8.786166682825916,27,16.078432,31.764706,18.82353,48,7,13.691
1474.0,31,20.392157,24.834508999999997,87,16.440761215123423,8.968782353202268,27,16.078432,31.764706,18.82353,48,7,13.691
1474.0,31,20.392157,24.834508999999997,87,16.4091934379817,9.063311016380107,27,20.392157,36.470589,20.392157,48,7,13.691
1500.0,31,20.392157,35.814902000000004,87,17.246313146302995,9.70069236145177,35,20.392157,36.470589,20.392157,48,7,13.691
1500.0,31,18.82353,35.814902000000004,87,17.260867217573278,9.273329745510944,35,20.392157,36.470589,20.392157,49,24,13.691
1500.0,31,18.82353,35.814902000000004,87,17.22704448592352,9.412066048907901,35,20.392157,36.470589,20.392157,49,24,13.75
1500.0,31,18.82353,35.814902000000004,87,17.26435798512255,9.536296861535272,35,20.784313,36.862743,19.215687,49,24,13.75
1489.75,31,18.82353,24.834508999999997,87,18.795002682446903,10.123853384789838,25,20.784313,36.862743,19.215687,49,22,13.75
1489.75,31,18.82353,24.834508999999997,87,18.81305388233609,10.126729256373462,25,20.784313,36.862743,19.215687,49,22,13.75
1489.75,31,18.82353,24.834508999999997,87,18.738969604227808,10.334625939562853,25,21.17647,37.254902,19.607843,49,22,13.789
1489.75,31,18.82353,27.579608,87,18.77047331517011,10.06971520619222,25,21.17647,37.254902,19.607843,49,22,13.789
1491.25,31,19.215687,27.579608,86,18.011806565799418,3.618713919087901,28,21.17647,37.254902,19.607843,49,24,13.789
1491.25,31,19.215687,27.579608,86,18.049231708525046,3.713158080249242,28,21.17647,37.254902,19.607843,49,24,13.789
1491.25,31,19.215687,27.579608,86,17.976375529666527,4.027673113320122,28,21.17647,36.862743,19.215687,49,24,13.769
1510.0,31,19.215687,26.010980999999997,86,18.812520035343926,3.0571479873599863,27,21.17647,36.862743,19.215687,49,24,13.769
1510.0,31,19.215687,26.010980999999997,86,18.765299672485078,3.158312993060501,27,21.17647,36.862743,19.215687,49,24,13.769
1510.0,31,19.215687,26.010980999999997,86,18.774197469960313,3.2572737726606564,27,21.17647,36.862743,19.215687,49,24,13.769
1510.0,31,19.215687,26.010980999999997,86,18.831021142521443,2.9437975611307166,27,21.17647,37.254902,19.215687,49,24,13.769
1496.75,32,19.607843,27.971764,86,17.88041637773675,7.189374449088941,30,21.17647,37.254902,19.215687,50,24,13.769
1496.75,32,19.607843,27.971764,86,17.922211660315515,7.076152781037518,30,21.17647,37.254902,19.215687,50,24,13.769
1496.75,32,19.607843,27.971764,86,17.91106887615343,6.592056073926556,30,21.17647,37.254902,19.607843,50,24,13.769
1496.75,32,19.607843,27.971764,86,17.8599830328091,7.395191437355873,30,21.17647,37.254902,19.607843,50,24,13.769
1521.75,31,19.607843,27.579608,86,17.95930413359069,8.374776576872923,29,21.17647,37.254902,19.607843,50,24,13.769
1521.75,31,19.607843,27.579608,86,18.044966033983666,8.028471397044443,29,21.17647,37.254902,19.607843,50,24,13.769
1521.75,31,19.607843,27.579608,86,17.982906956017047,8.211486887124108,29,21.17647,37.254902,19.607843,50,24,13.769
1527.25,31,19.607843,28.756079,86,18.01186740491651,8.999936451796502,31,21.17647,37.254902,19.607843,50,24,13.769
1527.25,32,20.392157,28.756079,86,18.06535304980265,9.321901995597258,31,21.17647,37.254902,19.607843,50,25,13.769
1527.25,32,20.392157,28.756079,86,18.079661167936063,9.224094848336128,31,21.17647,37.254902,19.607843,50,25,13.671
1527.25,32,20.392157,28.756079,86,17.99585172391643,9.205200409707821,31,23.921568,40.0,23.921568,50,25,13.671
1633.5,31,23.921568,64.050196,86,14.956215153374163,3.242160589644743,63,23.921568,40.0,23.921568,49,17,13.671
1633.5,31,23.921568,64.050196,86,14.880527599506046,3.1582126083578106,63,23.921568,40.0,23.921568,49,17,13.671
1633.5,31,23.921568,64.050196,86,14.824756106570351,3.1510643611932854,63,37.254902,53.333332,40.392159,49,17,13.691
1633.5,31,23.921568,64.050196,86,14.839335978868075,3.1791985371986073,63,37.254902,53.333332,40.392159,49,17,13.691
2000.75,39,40.784313,95.030589,86,12.442417809246098,4.803590400400671,96,37.254902,53.333332,40.392159,48,6,13.691
2000.75,39,40.784313,95.030589,86,12.477961968775983,3.986363997466767,96,37.254902,53.333332,40.392159,48,6,13.691
2000.75,39,40.784313,95.030589,86,12.509768998715533,4.509418524320661,96,29.411764,44.705883,26.666666,48,6,13.691
2000.75,39,40.784313,18.167842999999998,86,16.485715101162715,6.308436980653157,20,29.411764,44.705883,26.666666,48,6,13.691
2269.5,48,18.82353,18.167842999999998,86,16.54074618986996,6.973317978039338,20,29.411764,44.705883,26.666666,47,14,13.691
2269.5,48,18.82353,18.167842999999998,86,16.354569109077378,6.961110108332696,20,29.411764,44.705883,26.666666,47,14,13.691
2269.5,48,18.82353,18.167842999999998,86,16.461069648095595,7.276159682436903,20,16.078432,32.941177,19.215687,47,14,13.691
2012.5,44,19.215687,27.187451,86,16.375067363650547,5.756290317816336,23,16.078432,32.941177,19.215687,48,21,13.691
2012.5,44,19.215687,27.187451,86,16.465981825307793,5.46083251447571,23,16.078432,32.941177,19.215687,48,21,13.691
2012.5,44,19.215687,27.187451,86,16.429634800958738,5.24989167678093,23,16.078432,31.764706,19.215687,48,21,13.71
2012.5,44,19.215687,27.187451,86,16.32764565044915,5.545548333763721,23,16.078432,31.764706,19.215687,48,21,13.71
1868.75,42,19.215687,20.520785,86,16.49319781949411,5.241624708802705,23,16.078432,31.764706,19.215687,48,13,13.71
1868.75,42,19.215687,20.520785,86,16.401199957231476,5.399582204566995,23,16.078432,31.764706,19.215687,48,13,13.71
1868.75,42,19.215687,20.520785,86,16.405465985697585,5.69584089508823,23,16.078432,31.764706,19.215687,48,13,13.691
1868.75,42,19.215687,22.873725999999998,86,16.37331485532262,5.2326685962031725,23,16.078432,31.764706,19.215687,48,13,13.691
1617.75,37,19.215687,22.873725999999998,86,16.398243003398747,5.64170359177275,26,16.078432,31.764706,19.215687,48,9,13.691
1617.75,37,19.215687,22.873725999999998,86,16.463173426441696,5.60322041060769,26,16.078432,31.764706,19.215687,48,9,13.71
1617.75,37,19.215687,22.873725999999998,86,16.426145339543815,5.1135624548607534,26,16.078432,31.764706,17.647058,48,9,13.71
1529.5,33,17.647058,17.38353,86,16.457219720136948,12.72341823846522,20,16.078432,31.764706,17.647058,48,2,13.71
1529.5,33,17.647058,17.38353,86,16.45921531123573,12.64081990361145,20,16.078432,31.764706,17.647058,48,2,13.71
1529.5,33,17.647058,17.38353,86,16.51673969933169,12.461827766211796,20,16.078432,31.764706,18.039215,48,2,13.769
1529.5,33,17.647058,17.38353,86,16.416932830948138,12.202552962591703,20,16.078432,31.764706,18.039215,48,2,13.769
1400.0,30,19.215687,24.442352999999997,86,18.692638530989257,11.392238194427328,28,16.078432,31.764706,18.039215,49,5,13.769
1400.0,30,19.215687,24.442352999999997,86,18.845283344994318,11.488701226929091,28,16.078432,31.764706,18.039215,49,5,13.769
1400.0,30,19.215687,24.442352999999997,86,18.761360709674165,11.812778338987586,28,20.784313,36.470589,18.82353,49,5,13.789
1400.0,30,19.215687,24.442352999999997,86,18.84812554667464,11.36331244977958,28,20.784313,36.470589,18.82353,49,5,13.789
1378.0,29,18.82353,24.442352999999997,86,18.804252626790948,11.78125367458596,26,20.784313,36.470589,18.82353,49,21,13.789
1378.0,29,18.82353,24.442352999999997,86,18.7733817481878,11.277473341336481,26,20.784313,36.470589,18.82353,49,21,13.789
1378.0,29,18.82353,24.442352999999997,86,18.802176553642777,11.588779424668344,26,21.17647,36.862743,19.215687,49,21,13.789
1400.75,28,20.784313,38.56,86,16.55456075360758,8.557894326372201,40,21.17647,36.862743,19.215687,49,20,13.789
1400.75,28,20.784313,38.56,86,16.562118831743224,9.258539043517674,40,21.17647,36.862743,19.215687,49,20,13.789
1400.75,28,20.784313,38.56,86,16.441662868107965,8.111805303343889,40,23.529411,39.215687,21.17647,49,20,13.789
1400.75,28,20.784313,38.56,86,16.447111435599023,8.966604369947039,40,23.529411,39.215687,21.17647,49,20,13.789
1496.75,30,20.784313,38.167841,86,16.50207440944798,5.444952724196184,41,23.529411,39.215687,21.17647,49,21,13.789
1496.75,30,20.784313,38.167841,86,16.38676033803396,5.523351575404789,41,23.529411,39.215687,21.17647,49,21,13.789
1496.75,30,20.784313,38.167841,86,16.457484222357095,5.435504374016461,41,22.745098,38.823528,20.784313,49,21,13.769
1496.75,30,20.784313,35.030589,86,17.21719822912277,10.220918045458568,41,22.745098,38.823528,20.784313,49,21,13.769
1554.5,33,20.784313,35.030589,86,17.237584492687454,10.041394468691394,37,22.745098,38.823528,20.784313,49,23,13.769
1554.5,33,20.784313,35.030589,86,17.168747871643035,10.523715054437236,37,22.745098,38.823528,20.784313,49,23,13.671
1554.5,33,20.784313,35.030589,86,17.123375950401464,9.950558656732582,37,22.352942,38.039215,21.960785,49,23,13.671
1589.0,33,21.960785,40.91294,86,16.313120993840524,9.645920371653773,44,22.352942,38.039215,21.960785,48,21,13.671
1589.0,33,21.960785,40.91294,86,16.370456953220625,9.112939863936091,44,22.352942,38.039215,21.960785,48,21,13.671
1589.0,33,21.960785,40.91294,86,16.40997948290364,9.288174446079612,44,16.078432,31.764706,21.960785,48,21,13.691
1589.0,33,21.960785,40.91294,86,16.419908504801075,8.984661234312933,44,16.078432,31.764706,18.82353,48,21,13.691
1514.0,32,18.82353,23.265883,86,16.55373386974577,8.661507116104255,26,16.078432,31.764706,18.82353,48,10,13.691
1514.0,32,18.82353,23.265883,86,16.50385960219444,8.958537787077958,26,16.078432,31.764706,18.82353,48,10,13.691
1514.0,32,18.82353,23.265883,86,16.379774533019503,8.501793146053743,26,20.784313,36.862743,20.784313,48,10,13.73
1514.0,32,18.82353,35.814902000000004,86,17.239612507147058,10.028434290388827,26,20.784313,36.862743,20.784313,48,10,13.73
1487.5,31,20.784313,35.814902000000004,86,17.19432530581898,9.75311491107962,38,20.784313,36.862743,20.784313,48,22,13.73
1487.5,31,20.784313,35.814902000000004,86,17.201688169717595,10.018712203934307,38,20.784313,36.862743,20.784313,48,22,13.73
1487.5,31,20.784313,35.814902000000004,86,17.229869538964923,9.60966172208354,38,20.392157,36.07843,20.392157,48,22,13.73
1440.5,30,18.82353,28.756079,86,18.037150267018525,9.032386603984351,30,20.392157,36.07843,20.392157,48,23,13.73
1440.5,30,18.82353,28.756079,86,17.979644490966958,9.374285813832739,30,20.392157,36.07843,20.392157,48,23,13.73
1440.5,30,18.82353,28.756079,86,18.06383109196406,9.701953959322417,30,16.078432,31.764706,20.392157,48,23,13.71
1440.5,30,18.82353,28.756079,86,17.931483706431457,10.14901325836885,30,16.078432,31.764706,18.82353,48,23,13.71
1341.25,30,16.862745,25.226665999999998,86,16.437880343741735,8.349024474478728,22,16.078432,31.764706,18.82353,48,5,13.71
1341.25,30,16.862745,25.226665999999998,86,16.59336042359575,8.955590046993631,22,16.078432,31.764706,18.82353,48,5,13.71
1341.25,30,16.862745,25.226665999999998,86,16.450884784557516,8.598125744120493,22,16.078432,31.764706,16.862745,48,5,13.769
1341.25,30,16.862745,20.520785,87,16.52349287039637,5.354625705976087,22,16.078432,31.764706,16.862745,48,5,13.769
1166.3298489413928,27,17.647058,20.520785,87,16.442991210690394,5.529778335517845,24,16.078432,31.764706,16.862745,49,2,13.769
1174.2778936552606,27,17.647058,20.520785,87,16.472346625719787,5.4185749451039875,24,16.078432,31.764706,16.862745,49,2,13.769
1165.8722347410064,27,17.647058,20.520785,87,16.43409300833644,5.433118717683665,24,16.078432,31.764706,17.254902,49,2,13.769
1024.6309614669794,23,17.647058,23.265883,87,16.427275545130147,5.277500051151999,26,16.078432,31.764706,17.254902,49,0,13.769
1019.3275770871229,23,17.254902,23.265883,87,16.390731056196476,4.980567102060344,26,16.078432,31.764706,17.254902,49,0,13.769
1022.8657640238334,23,17.254902,23.265883,87,16.46331808153745,4.936912439243375,26,16.078432,31.764706,17.254902,49,0,13.769
1021.1137202403529,23,17.254902,23.265883,87,16.386407768648855,5.595973464984367,26,16.078432,31.764706,16.470589,49,0,13.769
749.9287547004174,21,16.470589,22.873725999999998,87,16.477435114178807,13.910739972974284,27,16.078432,31.764706,16.470589,50,0,13.769
743.5933489780165,21,16.470589,22.873725999999998,87,16.502617220266753,13.814923330103149,27,16.078432,31.764706,16.470589,50,0,13.769
738.9236228749891,21,16.470589,22.873725999999998,87,16.459491884434232,13.996301688016946,27,16.078432,31.764706,16.470589,50,0,13.71
739.7812293588637,21,16.470589,24.834508999999997,87,16.420325075986657,15.013479675874686,27,16.078432,31.764706,16.470589,50,0,13.71
760.8565512772576,18,16.470589,24.834508999999997,87,16.46473793475852,14.829109182907919,27,16.078432,31.764706,16.470589,50,-3,13.71
757.6292301319488,18,16.470589,24.834508999999997,87,16.418979616667215,14.578183519007709,27,16.078432,31.764706,16.470589,50,-3,13.71
765.095954070558,18,16.470589,24.834508999999997,87,16.493632827527907,15.142887886694684,27,16.078432,31.764706,16.470589,50,-3,13.71
767.4040432581387,13,16.470589,24.442352999999997,87,16.327615634947094,11.342505650894488,27,16.078432,31.764706,16.470589,50,-2,13.71
780.1857294751189,13,16.470589,24.442352999999997,87,16.417363557912882,11.017116996596855,27,16.078432,31.764706,16.470589,50,-2,13.71
761.6802843218829,13,16.470589,24.442352999999997,87,16.31805128029256,11.160849053403226,27,16.078432,31.764706,16.470589,50,-2,13.71
770.4163493041941,13,16.470589,24.442352999999997,87,16.347796350186368,11.241337999044141,27,16.078432,31.764706,16.470589,50,-2,13.71
781.4242113942245,10,18.82353,24.442352999999997,87,16.519331733788835,8.082779794921354,35,16.078432,31.764706,16.470589,50,-1,13.71
784.2796939682779,10,18.82353,24.442352999999997,87,16.491211098918303,7.927979753133787,35,16.078432,31.764706,16.470589,50,-1,13.71
787.1363876300325,10,18.82353,24.442352999999997,87,16.394331186002912,7.923254114122464,35,16.078432,31.764706,18.82353,50,-1,13.613
776.0358288130657,10,18.82353,38.952159,87,16.347349792637548,3.99339817200395,35,16.078432,31.764706,18.82353,50,-1,13.613
868.0657175255461,5,18.82353,38.952159,87,16.2596282697295,3.5082986976358863,41,16.078432,31.764706,18.82353,50,-7,13.613
875.5630835802338,5,18.82353,38.952159,87,16.404890269524042,4.047716947057875,41,16.078432,31.764706,18.82353,50,-7,13.613
864.9595276573414,5,18.82353,38.952159,87,16.582724900734846,3.4307558086620333,41,16.078432,31.764706,18.82353,50,-7,13.671
926.9191353556248,3,18.82353,36.991374,87,16.46359305628782,4.380370163462483,39,16.078432,31.764706,18.82353,50,-7,13.671
930.3621476190643,3,18.82353,36.991374,87,16.40392566283703,5.009819520342425,39,16.078432,31.764706,18.82353,50,-7,13.671
925.0122092498785,3,18.82353,36.991374,87,16.465404812570018,4.870816048808258,39,16.078432,31.764706,18.82353,50,-7,13.554
923.1356791516083,3,18.82353,36.991374,87,16.343842498820333,5.064969486905758,39,16.078432,31.764706,18.82353,50,-7,13.554
945.0091861832522,0,18.82353,35.422743000000004,87,16.419660598238142,5.318497684893812,39,16.078432,31.764706,18.82353,50,-5,13.554
958.1344582372774,0,18.82353,35.422743000000004,87,16.443468648380943,5.054325347616969,39,16.078432,31.764706,18.82353,50,-5,13.554
954.74074215622,0,18.82353,35.422743000000004,87,16.432333960890738,5.327868840878897,39,16.078432,31.764706,18.82353,50,-5,13.671
950.6929226687532,0,18.82353,35.030589,88,16.484948367301406,5.430609389172171,39,16.078432,31.764706,18.82353,50,-5,13.671
973.0696851962496,0,18.82353,35.030589,88,16.458178713574164,5.423696614902003,38,16.078432,31.764706,18.82353,50,-3,13.671
969.8734383943722,0,18.82353,35.030589,88,16.47759956108648,5.7401041436270095,38,16.078432,31.764706,18.82353,50,-3,13.671
970.1220824099802,0,18.82353,35.030589,88,16.396197663066154,5.291618872498966,38,16.078432,31.764706,18.82353,50,-3,13.671
953.4783102024892,0,18.82353,33.069804000000005,88,16.491368924504634,6.286860341540876,35,16.078432,31.764706,18.82353,50,1,13.671
944.7272791490427,0,18.431372,33.069804000000005,88,16.535236216857438,5.884661855169617,35,16.078432,31.764706,18.82353,50,1,13.671
955.4629187873319,0,18.431372,33.069804000000005,88,16.379291028820916,6.316345183413143,35,16.078432,31.764706,18.82353,50,1,13.554
944.4604122659672,0,18.431372,33.069804000000005,88,16.384238260657128,6.18218256505569,35,16.078432,31.764706,18.431372,50,1,13.554
906.2678436624013,0,18.431372,32.285491,88,16.517647060179215,8.300055998514644,34,16.078432,31.764706,18.431372,50,4,13.554
917.9032578732996,0,18.431372,32.285491,88,16.426019360798296,8.454251191347543,34,16.078432,31.764706,18.431372,50,4,13.554
914.3230964273909,0,18.431372,32.285491,88,16.521729283523992,8.469747276045432,34,16.078432,31.764706,18.039215,50,4,13.574
909.6892179662295,0,18.431372,32.285491,88,16.41094785728647,8.44395346119887,34,16.078432,31.764706,18.039215,50,4,13.574
871.5176140302445,0,16.862745,32.285491,88,16.52480273457624,9.056402372680303,35,16.078432,31.764706,18.039215,50,4,13.574
873.3682746198505,0,16.862745,32.285491,88,16.445389149008328,8.495466199307634,35,16.078432,31.764706,18.039215,50,4,13.574
876.0797389156356,0,16.862745,32.285491,88,16.452993729399363,8.451831166946798,35,16.078432,31.764706,16.470589,50,4,13.71
789.9188545455282,0,16.862745,24.050196,88,16.531383081300195,4.770764712716957,28,16.078432,31.764706,16.470589,50,4,13.71
789.3410808166832,0,16.470589,24.050196,88,16.41579377135335,5.131737794406156,28,16.078432,31.764706,16.470589,50,3,13.71
789.6112536866211,0,16.470589,24.050196,88,16.3810326742445,5.321077972663094,28,16.078432,31.764706,16.470589,50,3,13.613
788.785312006327,0,16.470589,24.050196,88,16.4105861475183,5.194244197147007,28,16.078432,31.764706,16.078432,50,3,13.613
760.51109568962,0,16.078432,24.050196,88,16.46464003703859,8.15826227801334,26,16.078432,31.764706,16.078432,50,1,13.613
764.6757016602762,0,16.078432,24.050196,88,16.343554455669167,7.694268667381134,26,16.078432,31.764706,16.078432,50,1,13.613
771.1158082429408,0,16.078432,24.050196,88,16.47574825415907,8.130283274795476,26,16.078432,31.764706,16.078432,50,1,13.535
760.8424956610199,0,16.078432,24.050196,88,16.405173720942937,7.76226139021511,26,16.078432,31.764706,16.078432,50,1,13.535
727.1470001980732,0,16.078432,22.873725999999998,88,16.506368759644015,4.629918350926473,25,16.078432,31.764706,16.078432,50,6,13.535
724.3111073205312,0,16.078432,22.873725999999998,88,16.293844381705973,4.592111065686249,25,16.078432,31.764706,16.078432,50,6,13.535
728.5010769322915,0,16.078432,22.873725999999998,88,16.39030605349375,4.619888875486438,25,16.078432,31.764706,16.078432,50,6,13.73
707.5011506851993,0,16.078432,23.65804,88,16.336311910925954,1.2281385009149572,26,16.078432,31.764706,16.078432,50,6,13.73
715.898271492386,0,16.078432,23.65804,88,16.387926232018163,0.01661678197463401,26,16.078432,31.764706,16.078432,50,5,13.73
711.5296241938562,0,16.078432,23.65804,88,16.452359954066537,0.11203627666839588,26,16.078432,31.764706,16.078432,50,5,13.593
703.3468857540025,0,16.078432,23.65804,88,16.426746402473015,0.5495487506831653,26,16.078432,31.764706,16.078432,50,5,13.593
697.5205260522616,0,16.078432,24.050196,88,16.422297345863118,4.62310836458127,27,16.078432,31.764706,16.078432,50,2,13.593
691.0140666468208,0,16.078432,24.050196,88,16.427948907717198,4.825781327429203,27,16.078432,31.764706,16.078432,50,2,13.593
691.9035163288011,0,16.078432,24.050196,88,16.449703294437196,4.760676159408242,27,16.078432,31.764706,16.078432,50,2,13.496
695.9121855904821,0,16.078432,24.050196,88,16.376987837483412,4.503476226135828,27,16.078432,31.764706,16.078432,50,2,13.496
635.2871366112144,0,16.078432,24.834508999999997,88,16.479910978453944,4.924463107972528,28,16.078432,31.764706,16.078432,51,7,13.496
641.5178511734533,0,16.078432,24.834508999999997,88,16.47725995822313,4.927808620945819,28,16.078432,31.764706,16.078432,51,7,13.496
634.0147047231898,0,16.078432,24.834508999999997,88,16.460602276259365,4.673967349381469,28,16.078432,31.764706,18.82353,51,7,13.417
838.4647405133388,0,16.078432,40.128626000000004,88,16.470892006565077,7.2512972717460515,43,16.078432,31.764706,18.82353,51,7,13.417
838.2963309790335,0,18.82353,40.128626000000004,88,16.45528508004852,7.044293579029638,43,16.078432,31.764706,18.82353,51,-8,13.417
838.7046256324023,0,18.82353,40.128626000000004,88,16.559604398163863,6.794055091965134,43,16.078432,31.764706,18.82353,51,-8,13.613
846.1963619999651,0,18.82353,40.128626000000004,88,16.43227434973685,7.171845051700001,43,16.078432,31.764706,18.82353,51,-8,13.613
859.8295833212463,0,18.82353,38.167841,88,16.419075006899927,8.558183936773602,41,16.078432,31.764706,18.82353,50,-8,13.613
864.6947477930544,0,18.82353,38.167841,88,16.392288345178557,8.525401954026345,41,16.078432,31.764706,18.82353,50,-8,13.613
867.2043989175467,0,18.82353,38.167841,88,16.37556423976533,8.966886071656871,41,16.078432,31.764706,18.82353,50,-8,13.457
852.3617733563045,0,18.82353,38.167841,88,16.362831692743935,7.789738361437973,41,16.078432,31.764706,18.82353,50,-8,13.457
881.5668860729728,0,18.82353,36.207060000000006,88,16.384172161206145,8.099694748952128,40,16.078432,31.764706,18.82353,50,-4,13.457
875.9570985751045,0,18.82353,36.207060000000006,88,16.433259177100876,8.168878872087687,40,16.078432,31.764706,18.82353,50,-4,13.457
877.7507733251329,0,18.82353,36.207060000000006,88,16.457557707709864,8.416021805729358,40,16.078432,31.764706,18.431372,50,-4,13.632
878.4146287038495,0,18.82353,34.63843,88,16.44056852351313,8.448617549070189,36,16.078432,31.764706,18.431372,50,-4,13.632
895.2428030663777,0,18.431372,34.63843,88,16.391567883354217,8.072802305668084,36,16.078432,31.764706,18.431372,50,-3,13.632
895.2665072719572,0,18.431372,34.63843,88,16.4915110738412,8.229452590306751,36,16.078432,31.764706,18.431372,50,-3,13.632
899.3507202966589,0,18.431372,34.63843,88,16.481864760338055,8.266747496442928,36,16.470589,33.725491,19.215687,50,-3,13.632
878.7747671172611,0,18.431372,38.56,88,16.42792110155468,7.699727227622767,38,16.470589,33.725491,19.215687,50,2,13.632
888.0395713161193,0,18.431372,38.56,88,16.398325031320116,7.503022584324143,38,16.470589,33.725491,19.215687,50,2,13.632
880.1201090816212,0,18.431372,38.56,88,16.470405675249786,6.838975174694605,38,16.078432,31.764706,18.431372,50,2,13.339
896.8930603654337,0,18.431372,38.56,88,16.448778415249166,6.85342501290796,38,16.078432,31.764706,18.431372,50,2,13.339
752.4687699706602,0,18.431372,43.265883,88,16.350612364435097,9.74273880084351,46,16.078432,31.764706,18.431372,50,8,13.339
754.8240793886267,0,18.431372,43.265883,88,16.433421184640935,9.515060876032418,46,16.078432,31.764706,18.431372,50,8,13.339
748.6709646699028,0,18.431372,43.265883,88,16.453222148724464,10.052435944077441,46,26.666666,42.745098,24.313726,50,8,13.574
762.1774129115744,0,18.431372,69.932551,89,12.477268312810736,4.319394405026792,46,26.666666,42.745098,24.313726,50,8,13.574
1438.25,6,23.921568,69.932551,89,12.542640603570245,4.593294840501397,69,26.666666,42.745098,24.313726,50,9,13.574
1438.25,6,23.921568,69.932551,89,12.443960650884534,4.138688245286956,69,26.666666,42.745098,24.313726,50,9,13.71
1438.25,6,23.921568,69.932551,89,12.611421166000731,4.3901576625069225,69,16.078432,31.764706,17.647058,50,9,13.71
1065.6980009497609,14,24.705883,20.128628,89,18.856126999103566,6.225838128590849,39,16.078432,31.764706,17.647058,49,-8,13.71
1059.7035602929222,14,24.705883,20.128628,89,18.76609895994182,6.291112879335181,39,16.078432,31.764706,17.647058,49,-8,13.71
1071.33059868563,14,24.705883,20.128628,89,18.803057260270343,6.306491587622604,39,26.666666,42.35294,22.352942,49,-8,13.691
1068.3913762933394,14,24.705883,20.128628,89,18.636654682052008,5.785103304752888,39,26.666666,42.35294,22.352942,49,-8,13.691
1631.25,22,17.647058,37.383528000000005,88,17.14936914038408,9.562655719040666,35,26.666666,42.35294,22.352942,49,24,13.691
1631.25,22,17.647058,37.383528000000005,88,17.201123264790873,9.066186491019444,35,26.666666,42.35294,22.352942,49,24,13.691
1631.25,22,17.647058,37.383528000000005,88,17.15442201871439,9.496107374382191,35,24.705883,40.392159,21.960785,49,24,13.632
1631.25,22,17.647058,60.91294,88,15.699113788957838,5.396808397014541,35,24.705883,40.392159,21.960785,49,24,13.632
1232.0,24,16.470589,60.91294,88,15.77608779184488,4.987083750276615,59,24.705883,40.392159,21.960785,49,14,13.632
1232.0,24,16.470589,60.91294,88,15.58565311683424,5.305140688625643,59,24.705883,40.392159,21.960785,49,14,13.73
1232.0,24,16.470589,60.91294,88,15.60600219575489,5.50960912261913,59,16.078432,31.764706,16.862745,49,14,13.73
1055.106985380658,26,17.254902,19.344313,87,16.451626902098596,5.583889614142379,24,16.078432,31.764706,16.862745,49,1,13.73
1058.3198184741732,26,17.254902,19.344313,87,16.53416696890998,5.357703630766673,24,16.078432,31.764706,16.862745,49,1,13.73
1046.28748995488,26,17.254902,19.344313,87,16.364157541247607,5.859533667180315,24,16.078432,31.764706,16.470589,49,1,13.593
1053.7144296808203,26,17.254902,19.344313,87,16.45244216733842,5.702253231295967,24,16.078432,31.764706,16.470589,49,1,13.593
961.9822907923881,21,22.352942,20.128628,87,18.890527931048787,13.916753765080072,35,16.078432,31.764706,16.470589,50,-8,13.593
959.3965593681897,21,22.352942,20.128628,87,18.682144451109245,14.218786543641082,35,16.078432,31.764706,16.470589,50,-8,13.593
952.4152716506946,21,22.352942,20.128628,87,18.70438584758925,14.573888045556455,35,26.274509,42.35294,25.882353,50,-8,12.949
959.2843585046683,21,22.352942,79.344317,87,12.505833603612349,5.206895380234908,35,26.274509,42.35294,25.882353,50,-8,12.949
1179.7771255638525,22,25.09804,79.344317,87,12.500014695228675,4.25035003575325,83,26.274509,42.35294,25.882353,50,0,12.949
1180.5836741795351,22,25.09804,79.344317,87,12.580006077265217,4.340790066652854,83,26.274509,42.35294,25.882353,50,0,13.632
1178.7143785855872,22,25.09804,79.344317,87,12.545749583189249,5.064225636020154,83,24.313726,40.392159,23.137255,50,0,13.632
1464.0,28,22.352942,55.422743000000004,86,16.331002276421472,8.988765684748707,56,24.313726,40.392159,23.137255,48,18,13.632
